date_key,region_key,revenue,orders
2023-01-01,NE,44059.44,671
2023-01-01,SE,34544.08,526
2023-01-01,MW,26242.05,399
2023-01-01,WE,29219.59,445
2023-01-01,SW,11658.73,177
2023-02-01,NE,36822.38,622
2023-02-01,SE,33423.43,565
2023-02-01,MW,28963.83,489
2023-02-01,WE,35451.81,599
2023-02-01,SW,12625.39,213
2023-03-01,NE,45421.46,744
2023-03-01,SE,41212.31,675
2023-03-01,MW,30991.27,507
2023-03-01,WE,35253.23,577
2023-03-01,SW,15019.6,246
2023-04-01,NE,54300.29,827
2023-04-01,SE,43629.32,664
2023-04-01,MW,33215.14,506
2023-04-01,WE,41037.66,625
2023-04-01,SW,12932.98,197
2023-05-01,NE,51305.68,763
2023-05-01,SE,42811.75,636
2023-05-01,MW,31466.75,468
2023-05-01,WE,40228.32,598
2023-05-01,SW,16484.35,245
2023-06-01,NE,55713.71,850
2023-06-01,SE,44410.42,677
2023-06-01,MW,35674.7,544
2023-06-01,WE,45693.53,697
2023-06-01,SW,16179.21,246
2023-07-01,NE,55111.05,852
2023-07-01,SE,45242.57,699
2023-07-01,MW,36781.16,568
2023-07-01,WE,44165.83,683
2023-07-01,SW,16532.61,255
2023-08-01,NE,57960.27,903
2023-08-01,SE,50870.08,793
2023-08-01,MW,34739.66,541
2023-08-01,WE,47335.89,738
2023-08-01,SW,16141.27,251
2023-09-01,NE,63532.53,1048
2023-09-01,SE,46424.08,766
2023-09-01,MW,40102.95,662
2023-09-01,WE,44918.16,741
2023-09-01,SW,15511.28,256
2023-10-01,NE,58743.94,934
2023-10-01,SE,50860.79,809
2023-10-01,MW,39882.98,634
2023-10-01,WE,49027.29,780
2023-10-01,SW,16690.83,265
2023-11-01,NE,66878.86,1050
2023-11-01,SE,64787.71,1018
2023-11-01,MW,47519.38,746
2023-11-01,WE,54002.26,848
2023-11-01,SW,19179.84,301
2023-12-01,NE,75388.52,1105
2023-12-01,SE,66518.36,975
2023-12-01,MW,45164.66,662
2023-12-01,WE,57902.11,849
2023-12-01,SW,19244.55,282
2024-01-01,NE,48031.06,727
2024-01-01,SE,41767.68,632
2024-01-01,MW,29280.58,443
2024-01-01,WE,40336.5,610
2024-01-01,SW,12416.46,188
2024-02-01,NE,41919.47,701
2024-02-01,SE,39922.56,668
2024-02-01,MW,31400.18,525
2024-02-01,WE,39757.73,665
2024-02-01,SW,12769.16,213
2024-03-01,NE,53811.78,815
2024-03-01,SE,43220.54,655
2024-03-01,MW,32153.95,487
2024-03-01,WE,41816.02,633
2024-03-01,SW,15005.39,227
2024-04-01,NE,49480.57,775
2024-04-01,SE,50992.33,798
2024-04-01,MW,38040.94,595
2024-04-01,WE,41327.25,647
2024-04-01,SW,15984.96,250
2024-05-01,NE,59000.82,936
2024-05-01,SE,49884.44,792
2024-05-01,MW,35620.88,565
2024-05-01,WE,43208.9,686
2024-05-01,SW,16346.98,259
2024-06-01,NE,65781.01,984
2024-06-01,SE,54395.28,813
2024-06-01,MW,38629.34,577
2024-06-01,WE,50523.2,755
2024-06-01,SW,14557.99,217
2024-07-01,NE,61431.96,902
2024-07-01,SE,44118.66,647
2024-07-01,MW,36142.04,530
2024-07-01,WE,42122.01,618
2024-07-01,SW,15144.67,222
2024-08-01,NE,62993.78,929
2024-08-01,SE,49062.3,723
2024-08-01,MW,38646.23,569
2024-08-01,WE,46142.0,680
2024-08-01,SW,17307.89,255
2024-09-01,NE,67722.4,1083
2024-09-01,SE,53333.45,853
2024-09-01,MW,45926.53,734
2024-09-01,WE,51397.17,822
2024-09-01,SW,17461.65,279
2024-10-01,NE,64915.75,1012
2024-10-01,SE,62251.44,971
2024-10-01,MW,45016.76,702
2024-10-01,WE,51254.82,799
2024-10-01,SW,18637.43,290
2024-11-01,NE,75210.16,1139
2024-11-01,SE,73925.23,1120
2024-11-01,MW,50430.59,764
2024-11-01,WE,61811.31,936
2024-11-01,SW,23265.97,352
2024-12-01,NE,83054.44,1222
2024-12-01,SE,69093.13,1017
2024-12-01,MW,52017.85,765
2024-12-01,WE,64058.91,943
2024-12-01,SW,23342.41,343
2025-01-01,NE,53872.14,847
2025-01-01,SE,44382.4,698
2025-01-01,MW,34642.07,544
2025-01-01,WE,40361.04,634
2025-01-01,SW,14817.75,233
2025-02-01,NE,48513.49,752
2025-02-01,SE,49845.26,773
2025-02-01,MW,36172.39,561
2025-02-01,WE,45903.75,712
2025-02-01,SW,13012.38,201
2025-03-01,NE,65250.26,1057
2025-03-01,SE,49284.85,798
2025-03-01,MW,39754.34,644
2025-03-01,WE,42716.71,692
2025-03-01,SW,17176.15,278
2025-04-01,NE,59339.43,966
2025-04-01,SE,52262.0,850
2025-04-01,MW,45396.93,739
2025-04-01,WE,49200.11,800
2025-04-01,SW,18334.11,298
2025-05-01,NE,68806.9,1020
2025-05-01,SE,57718.25,855
2025-05-01,MW,42417.83,628
2025-05-01,WE,52505.41,778
2025-05-01,SW,21378.03,316
2025-06-01,NE,67768.73,981
2025-06-01,SE,58992.31,854
2025-06-01,MW,46472.62,672
2025-06-01,WE,56975.78,824
2025-06-01,SW,20813.48,301
2025-07-01,NE,67876.51,1047
2025-07-01,SE,52189.76,805
2025-07-01,MW,46143.0,712
2025-07-01,WE,47830.32,738
2025-07-01,SW,19016.64,293
2025-08-01,NE,69837.32,1026
2025-08-01,SE,62456.77,918
2025-08-01,MW,47951.11,705
2025-08-01,WE,58581.38,861
2025-08-01,SW,21428.42,315
2025-09-01,NE,79774.55,1206
2025-09-01,SE,64038.51,968
2025-09-01,MW,46071.59,697
2025-09-01,WE,60452.56,914
2025-09-01,SW,22263.77,336
2025-10-01,NE,67799.67,1074
2025-10-01,SE,64983.5,1030
2025-10-01,MW,49030.58,777
2025-10-01,WE,56480.21,895
2025-10-01,SW,22637.7,358
2025-11-01,NE,87574.16,1324
2025-11-01,SE,76316.24,1154
2025-11-01,MW,56219.22,850
2025-11-01,WE,69498.3,1051
2025-11-01,SW,23587.75,356
2025-12-01,NE,84832.5,1218
2025-12-01,SE,87204.87,1252
2025-12-01,MW,56659.37,813
2025-12-01,WE,68618.1,985
2025-12-01,SW,23102.36,331
